{
  "total_files_processed": 1794,
  "classification": {
    "count": 1696,
    "avg_time": 111.49646226415095,
    "median_time": 13.0,
    "min_time": 6.0,
    "max_time": 10668.0
  },
  "extraction": {
    "count": 92,
    "avg_time": 3572.4239130434785,
    "median_time": 3406.0,
    "min_time": 168.0,
    "max_time": 17537.0
  },
  "errors": {},
  "retries": {},
  "overall_avg_time_per_file": 289.5755033557047
}